time,x,y
0.02,0.5498697395,0.4025972222
0.52,0.5498697395,0.4025972222
1.09,0.5485370741,0.4025972222
1.52,0.5478757515,0.4025972222
1.72,0.5472044088,0.4025972222
1.79,0.5465430862,0.4025972222
1.82,0.5465430862,0.4032222222
1.86,0.5458817635,0.4038611111
1.89,0.5452104208,0.4038611111
2.52,0.5452104208,0.4038611111
3.22,0.5445490982,0.4019583333
3.26,0.5445490982,0.4013333333
3.35,0.5438877756,0.4006944444
3.42,0.5432164329,0.4006944444
3.49,0.5432164329,0.4000694444
3.52,0.5425551102,0.4000694444
3.56,0.5425551102,0.3994305556
3.59,0.5438877756,0.3981666667
3.62,0.5445490982,0.3981666667
3.69,0.5458817635,0.3981666667
3.72,0.5465430862,0.3981666667
3.82,0.5478757515,0.3987916667
3.85,0.5491983968,0.3987916667
3.89,0.5505310621,0.3994305556
3.92,0.5525250501,0.3994305556
3.95,0.5551903808,0.3994305556
3.99,0.5591783567,0.3987916667
4.02,0.56250501,0.3981666667
4.05,0.5638276553,0.3975277778
4.09,0.5651603206,0.3975277778
4.12,0.566492986,0.3969027778
4.22,0.5678156313,0.3962638889
4.25,0.5691482966,0.3956388889
4.29,0.5704809619,0.394375
4.32,0.5751302605,0.3924722222
4.35,0.5797895792,0.3905694444
4.39,0.5804509018,0.3905694444
4.52,0.5804509018,0.3905694444
5.52,0.5804509018,0.3905694444
6.52,0.5804509018,0.3905694444
6.62,0.5797895792,0.3899444444
6.65,0.5791182365,0.3899444444
6.69,0.5791182365,0.3893055556
6.72,0.5784569138,0.3893055556
6.79,0.5777955912,0.3893055556
6.82,0.5771242485,0.3886805556
6.92,0.5764629259,0.3886805556
6.99,0.5758016032,0.3880416667
7.12,0.5751302605,0.3874166667
7.15,0.5744689379,0.3874166667
7.22,0.5738076152,0.3874166667
7.26,0.5731362725,0.3867777778
7.32,0.5724749499,0.3861527778
7.35,0.5724749499,0.3855138889
7.45,0.5718036072,0.3855138889
7.52,0.5718036072,0.3855138889
7.62,0.5711422846,0.3855138889
7.69,0.5711422846,0.3848888889
7.72,0.5704809619,0.3848888889
7.75,0.5704809619,0.38425
7.89,0.5678156313,0.3836111111
7.92,0.5658216433,0.3823472222
7.99,0.5651603206,0.3823472222
8.02,0.5638276553,0.3823472222
8.09,0.5631663327,0.3823472222
8.12,0.56250501,0.3823472222
8.52,0.56250501,0.3823472222
9.52,0.56250501,0.3823472222
10.52,0.56250501,0.3823472222
10.92,0.5631663327,0.3823472222
10.95,0.5638276553,0.3823472222
10.99,0.564498998,0.3823472222
11.05,0.5658216433,0.3817222222
11.09,0.5671543086,0.3810833333
11.12,0.5698096192,0.3804583333
11.15,0.5704809619,0.3804583333
11.52,0.5704809619,0.3804583333
11.89,0.5698096192,0.3810833333
11.92,0.5678156313,0.3823472222
12.09,0.566492986,0.3829861111
12.12,0.566492986,0.3836111111
12.15,0.5651603206,0.3855138889
12.19,0.5638276553,0.3874166667
12.22,0.5611723447,0.3899444444
12.25,0.560501002,0.3912083333
12.32,0.5598396794,0.3912083333
12.35,0.5598396794,0.3918472222
12.45,0.5591783567,0.3918472222
12.49,0.558507014,0.3931111111
12.52,0.558507014,0.3931111111
13.52,0.558507014,0.3931111111
14.52,0.558507014,0.3931111111
15.52,0.558507014,0.3931111111
16.52,0.558507014,0.3931111111
17.52,0.558507014,0.3931111111
17.75,0.560501002,0.3924722222
17.79,0.5618336673,0.3918472222
17.82,0.5638276553,0.3912083333
17.85,0.566492986,0.3899444444
17.89,0.5678156313,0.3893055556
17.92,0.5691482966,0.3880416667
17.95,0.5718036072,0.3861527778
17.99,0.5738076152,0.3848888889
18.02,0.5758016032,0.3836111111
18.05,0.5777955912,0.3829861111
18.09,0.5791182365,0.3817222222
18.12,0.5797895792,0.3810833333
18.15,0.5817835671,0.3798194444
18.19,0.5851102204,0.3785555556
18.22,0.589759519,0.3772916667
18.25,0.5930861723,0.3760277778
18.29,0.5944188377,0.3753888889
18.32,0.5950801603,0.3753888889
18.39,0.5977354709,0.3753888889
18.42,0.5990681363,0.3760277778
18.45,0.6010621242,0.3760277778
18.49,0.6017334669,0.3766666667
18.52,0.6023947896,0.3766666667
18.55,0.6043887776,0.3772916667
18.59,0.6063827655,0.3772916667
18.62,0.6070440882,0.3772916667
18.65,0.6083767535,0.3772916667
18.69,0.6097094188,0.3779305556
18.85,0.6097094188,0.3785555556
18.89,0.6097094188,0.3791944444
19.52,0.6097094188,0.3791944444
19.69,0.6117034068,0.3779305556
19.72,0.6136973948,0.3766666667
19.75,0.6150300601,0.3747638889
19.79,0.6156913828,0.3728611111
19.82,0.6170240481,0.3709722222
19.85,0.6170240481,0.3697083333
19.89,0.6170240481,0.3690694444
20.02,0.6176853707,0.3684444444
20.05,0.6183466934,0.3671666667
20.12,0.6183466934,0.3659027778
20.16,0.6190180361,0.3646388889
20.25,0.6190180361,0.3640138889
20.29,0.6190180361,0.363375
20.52,0.6190180361,0.363375
20.99,0.6183466934,0.363375
21.09,0.6183466934,0.3640138889
21.12,0.6176853707,0.3640138889
21.42,0.6170240481,0.3646388889
21.45,0.6170240481,0.3652777778
21.49,0.6163527054,0.3659027778
21.52,0.6163527054,0.3659027778
21.59,0.6163527054,0.3665416667
21.62,0.6163527054,0.3671666667
21.65,0.6163527054,0.3678055556
21.69,0.6163527054,0.3684444444
21.72,0.6163527054,0.3690694444
21.75,0.6156913828,0.3709722222
21.79,0.6156913828,0.3722361111
21.82,0.6150300601,0.3735
21.85,0.6150300601,0.374125
21.89,0.6150300601,0.3747638889
21.99,0.6150300601,0.3753888889
22.05,0.6150300601,0.3766666667
22.09,0.6143587174,0.3772916667
22.12,0.6136973948,0.3779305556
22.15,0.6130360721,0.3791944444
22.19,0.6123647295,0.3798194444
22.22,0.6110420842,0.3810833333
22.26,0.6103707415,0.3817222222
22.29,0.6097094188,0.3817222222
22.35,0.6090380762,0.3823472222
22.42,0.6083767535,0.3829861111
22.52,0.6083767535,0.3829861111
22.65,0.6077154309,0.3836111111
22.69,0.6057214429,0.3848888889
22.72,0.6050501002,0.3855138889
22.75,0.6043887776,0.3861527778
22.79,0.6037274549,0.3861527778
22.82,0.6037274549,0.3867777778
23.22,0.6030561122,0.3874166667
23.25,0.6030561122,0.3880416667
23.32,0.6030561122,0.3886805556
23.35,0.6023947896,0.3886805556
23.39,0.6023947896,0.3893055556
23.52,0.6023947896,0.3893055556
23.85,0.6017334669,0.3893055556
23.92,0.5997294589,0.3899444444
24.52,0.5997294589,0.3899444444
25.52,0.5997294589,0.3899444444
25.92,0.5990681363,0.3893055556
25.95,0.5984068136,0.3886805556
25.99,0.5977354709,0.3880416667
26.12,0.5970741483,0.3880416667
26.19,0.5964128257,0.3880416667
26.22,0.595741483,0.3880416667
26.25,0.595741483,0.3874166667
26.29,0.5950801603,0.3874166667
26.32,0.5944188377,0.3874166667
26.35,0.5930861723,0.3867777778
26.42,0.5924248497,0.3867777778
26.45,0.5924248497,0.3861527778
26.52,0.5924248497,0.3861527778
27.52,0.5924248497,0.3861527778
28.52,0.5924248497,0.3861527778
29.25,0.591753507,0.3861527778
29.42,0.5910921844,0.3861527778
29.52,0.5910921844,0.3861527778
29.82,0.5904208417,0.3861527778
30.52,0.5904208417,0.3861527778
30.82,0.589759519,0.3861527778
30.88,0.5890981964,0.3861527778
31.02,0.5890981964,0.3867777778
31.52,0.5890981964,0.3867777778
32.52,0.5890981964,0.3867777778
32.58,0.5884268537,0.3867777778
32.62,0.5877655311,0.3874166667
32.65,0.5871042084,0.3880416667
32.72,0.5864328657,0.3886805556
32.82,0.5851102204,0.3893055556
32.85,0.5844388778,0.3899444444
32.88,0.5824448898,0.3912083333
32.92,0.5811122244,0.3924722222
32.95,0.5797895792,0.394375
32.98,0.5784569138,0.3956388889
33.02,0.5771242485,0.3969027778
33.05,0.5764629259,0.3981666667
33.08,0.5758016032,0.3994305556
33.12,0.5744689379,0.4006944444
33.15,0.5738076152,0.4019583333
33.19,0.5724749499,0.4032222222
33.22,0.5711422846,0.4044861111
33.25,0.5704809619,0.405125
33.28,0.5698096192,0.40575
33.32,0.5698096192,0.4070277778
33.35,0.5684869739,0.4082916667
33.52,0.5684869739,0.4082916667
33.92,0.5678156313,0.4095555556
33.98,0.5678156313,0.4101805556
34.52,0.5678156313,0.4101805556
35.52,0.5678156313,0.4101805556
36.38,0.5684869739,0.4108194444
36.45,0.5684869739,0.4120833333
36.48,0.5691482966,0.4120833333
36.52,0.5691482966,0.4133472222
36.58,0.5691482966,0.4146111111
36.62,0.5691482966,0.4165138889
36.65,0.5678156313,0.4177777778
36.68,0.5671543086,0.4196666667
36.72,0.5658216433,0.4209305556
36.75,0.564498998,0.4221944444
36.78,0.5618336673,0.4240972222
36.82,0.5591783567,0.4253611111
36.85,0.5571843687,0.426
36.88,0.5545190381,0.4272638889
36.92,0.5531963928,0.4278888889
36.95,0.5525250501,0.4278888889
36.98,0.5511923848,0.4285277778
37.02,0.5505310621,0.4291527778
37.05,0.5498697395,0.4297916667
37.08,0.5485370741,0.4304305556
37.12,0.5478757515,0.4304305556
37.15,0.5472044088,0.4304305556
37.18,0.5465430862,0.4304305556
37.22,0.5465430862,0.4310555556
37.52,0.5465430862,0.4310555556
37.82,0.5458817635,0.4310555556
37.85,0.5452104208,0.4316944444
37.88,0.5445490982,0.4316944444
37.92,0.5438877756,0.4323194444
37.95,0.5432164329,0.4329583333
37.98,0.5425551102,0.4329583333
38.08,0.5405611222,0.4335833333
38.12,0.5398897796,0.4335833333
38.15,0.5392284569,0.4342222222
38.18,0.5385671343,0.4342222222
38.52,0.5378957916,0.4348472222
38.62,0.5378957916,0.4354861111
39.52,0.5378957916,0.4354861111
39.92,0.5372344689,0.4361111111
39.95,0.5365731463,0.43675
40.12,0.5365731463,0.437375
40.15,0.5359018036,0.4380138889
40.18,0.535240481,0.4405416667
40.22,0.535240481,0.4418055556
40.25,0.5345791583,0.4437083333
40.28,0.5345791583,0.4449722222
40.32,0.5339078156,0.4487638889
40.35,0.533246493,0.4506666667
40.38,0.5325751503,0.4525555556
40.42,0.5325751503,0.4538333333
40.45,0.5319138277,0.4557222222
40.48,0.5325751503,0.4601527778
40.52,0.533246493,0.4633194444
40.55,0.533246493,0.4639444444
40.58,0.533246493,0.4645833333
40.62,0.5339078156,0.4652083333
40.65,0.5345791583,0.4664722222
40.78,0.535240481,0.4664722222
40.82,0.5359018036,0.4671111111
40.85,0.5365731463,0.4677361111
40.88,0.5378957916,0.468375
40.92,0.5398897796,0.4690138889
40.95,0.5418837675,0.4702777778
40.98,0.5438877756,0.4709027778
41.02,0.5458817635,0.4709027778
41.05,0.5485370741,0.4715416667
41.08,0.5518637275,0.4715416667
41.12,0.5538577154,0.4709027778
41.15,0.5578456914,0.4702777778
41.18,0.5618336673,0.4690138889
41.22,0.5638276553,0.4677361111
41.25,0.566492986,0.4671111111
41.28,0.5678156313,0.4664722222
41.32,0.5684869739,0.4664722222
41.35,0.5704809619,0.4658472222
41.38,0.5711422846,0.4652083333
41.42,0.5718036072,0.4652083333
41.45,0.5731362725,0.4652083333
41.48,0.5751302605,0.4645833333
41.52,0.5764629259,0.4639444444
41.55,0.5791182365,0.4633194444
41.59,0.5804509018,0.4633194444
41.62,0.5817835671,0.4626805556
41.95,0.5817835671,0.4620555556
41.98,0.5817835671,0.4614166667
42.02,0.5804509018,0.4601527778
42.05,0.5804509018,0.4588888889
42.08,0.5797895792,0.45825
42.12,0.5791182365,0.457625
42.15,0.5784569138,0.4569861111
42.18,0.5777955912,0.4563611111
42.22,0.5758016032,0.4550972222
42.25,0.5744689379,0.4531944444
42.28,0.5731362725,0.4519305556
42.32,0.5718036072,0.4506666667
42.35,0.5711422846,0.4494027778
42.38,0.5711422846,0.4487638889
42.42,0.5704809619,0.4475
42.45,0.5704809619,0.446875
42.48,0.5698096192,0.4462361111
42.52,0.5698096192,0.4462361111
42.68,0.5684869739,0.4462361111
42.72,0.5671543086,0.4455972222
42.75,0.5651603206,0.4449722222
42.78,0.5638276553,0.4449722222
42.85,0.5631663327,0.4449722222
43.25,0.56250501,0.4449722222
43.29,0.56250501,0.4443333333
43.32,0.5618336673,0.4443333333
43.35,0.5611723447,0.4443333333
43.38,0.560501002,0.4443333333
43.45,0.560501002,0.4437083333
43.48,0.5598396794,0.4437083333
43.52,0.5598396794,0.4437083333
43.78,0.558507014,0.4430694444
43.82,0.5578456914,0.4430694444
43.85,0.5565130261,0.4430694444
43.88,0.5558517034,0.4430694444
43.92,0.5551903808,0.4430694444
44.35,0.5545190381,0.4430694444
44.38,0.5538577154,0.4430694444
44.52,0.5538577154,0.4430694444
44.75,0.5551903808,0.4424444444
44.78,0.5578456914,0.4399166667
44.82,0.560501002,0.4380138889
44.85,0.564498998,0.4348472222
44.88,0.5671543086,0.4329583333
44.92,0.5678156313,0.4316944444
44.95,0.5691482966,0.4310555556
44.98,0.5698096192,0.4304305556
45.02,0.5704809619,0.4291527778
45.05,0.5711422846,0.4278888889
45.08,0.5724749499,0.426625
45.12,0.5731362725,0.426
45.15,0.5738076152,0.4240972222
45.18,0.5744689379,0.4228333333
45.22,0.5751302605,0.4221944444
45.25,0.5751302605,0.4215694444
45.35,0.5751302605,0.4209305556
45.38,0.5751302605,0.4196666667
45.42,0.5758016032,0.4196666667
45.45,0.5758016032,0.4190416667
45.52,0.5758016032,0.4184027778
46.52,0.5758016032,0.4184027778
47.45,0.5758016032,0.4190416667
47.48,0.5751302605,0.4190416667
47.52,0.5751302605,0.4190416667
47.82,0.5744689379,0.4190416667
47.85,0.5744689379,0.4196666667
47.98,0.5738076152,0.4196666667
48.02,0.5738076152,0.4203055556
48.15,0.5731362725,0.4203055556
48.52,0.5731362725,0.4203055556
49.18,0.5744689379,0.4215694444
49.22,0.5751302605,0.4215694444
49.25,0.5764629259,0.4215694444
49.28,0.5771242485,0.4215694444
49.32,0.5777955912,0.4215694444
49.35,0.5791182365,0.4221944444
49.38,0.5797895792,0.4221944444
49.42,0.5804509018,0.4221944444
49.45,0.5811122244,0.4228333333
49.48,0.5817835671,0.4228333333
49.52,0.5837775551,0.4240972222
49.55,0.5844388778,0.4247361111
49.58,0.5851102204,0.4247361111
49.62,0.5851102204,0.4253611111
49.65,0.5864328657,0.4253611111
49.68,0.5871042084,0.426
49.72,0.5877655311,0.426
49.75,0.5877655311,0.426625
49.78,0.5884268537,0.426625
49.82,0.5890981964,0.426625
49.85,0.5890981964,0.426
49.88,0.5904208417,0.426
49.92,0.591753507,0.4253611111
49.98,0.5930861723,0.4253611111
50.02,0.593747495,0.4247361111
50.05,0.5950801603,0.4247361111
50.12,0.595741483,0.4247361111
50.15,0.5964128257,0.4247361111
50.22,0.5970741483,0.4247361111
50.25,0.5977354709,0.4247361111
50.35,0.5984068136,0.4247361111
50.38,0.5990681363,0.4240972222
50.42,0.5997294589,0.4240972222
50.45,0.6010621242,0.4240972222
50.48,0.6017334669,0.4240972222
50.52,0.6023947896,0.4240972222
51.15,0.6030561122,0.4240972222
51.18,0.6037274549,0.4240972222
51.22,0.6043887776,0.4234722222
51.25,0.6050501002,0.4228333333
51.28,0.6057214429,0.4228333333
51.32,0.6063827655,0.4221944444
51.38,0.6077154309,0.4215694444
51.42,0.6083767535,0.4209305556
51.45,0.6090380762,0.4196666667
51.48,0.6097094188,0.4184027778
51.52,0.6103707415,0.4184027778
51.55,0.6103707415,0.4171388889
51.58,0.6110420842,0.415875
51.62,0.6110420842,0.4146111111
51.65,0.6117034068,0.4139722222
51.68,0.6123647295,0.4133472222
51.72,0.6130360721,0.4120833333
51.75,0.6136973948,0.4108194444
51.78,0.6143587174,0.4095555556
51.82,0.6143587174,0.4089166667
51.85,0.6150300601,0.4089166667
51.88,0.6150300601,0.4070277778
51.92,0.6150300601,0.405125
51.95,0.6150300601,0.4038611111
51.98,0.6150300601,0.4025972222
52.02,0.6143587174,0.4006944444
52.05,0.6136973948,0.3994305556
52.08,0.6136973948,0.3981666667
52.12,0.6130360721,0.3969027778
52.15,0.6117034068,0.3956388889
52.18,0.6117034068,0.395
52.22,0.6110420842,0.3937361111
52.25,0.6103707415,0.3931111111
52.28,0.6097094188,0.3924722222
52.32,0.6097094188,0.3918472222
52.35,0.6090380762,0.3912083333
52.42,0.6083767535,0.3905694444
52.45,0.6077154309,0.3899444444
52.48,0.6070440882,0.3893055556
52.52,0.6063827655,0.3886805556
52.55,0.6057214429,0.3880416667
52.58,0.6050501002,0.3874166667
52.65,0.6050501002,0.3867777778
52.72,0.6043887776,0.3867777778
52.78,0.6037274549,0.3867777778
52.82,0.6023947896,0.3861527778
52.85,0.5997294589,0.3861527778
52.88,0.5970741483,0.3861527778
52.92,0.5944188377,0.3855138889
52.95,0.5924248497,0.3855138889
52.98,0.5910921844,0.3855138889
53.02,0.5890981964,0.3848888889
53.05,0.5871042084,0.3848888889
53.08,0.5857715431,0.3848888889
53.12,0.5844388778,0.3848888889
53.15,0.5817835671,0.3848888889
53.18,0.5791182365,0.38425
53.22,0.5777955912,0.3836111111
53.25,0.5764629259,0.3836111111
53.28,0.5758016032,0.3836111111
53.38,0.5758016032,0.3829861111
53.42,0.5751302605,0.3823472222
53.45,0.5744689379,0.3817222222
53.48,0.5738076152,0.3798194444
53.52,0.5738076152,0.3779305556
53.55,0.5731362725,0.3766666667
53.58,0.5731362725,0.3753888889
53.62,0.5731362725,0.3747638889
53.65,0.5724749499,0.374125
53.68,0.5724749499,0.3728611111
53.72,0.5724749499,0.3709722222
53.75,0.5724749499,0.3690694444
53.78,0.5724749499,0.3671666667
53.82,0.5724749499,0.3665416667
54.32,0.5731362725,0.3652777778
54.38,0.5738076152,0.3646388889
54.48,0.5738076152,0.3640138889
54.52,0.5738076152,0.3640138889
55.52,0.5738076152,0.3640138889
56.52,0.5738076152,0.3640138889
57.52,0.5738076152,0.3640138889
58.52,0.5738076152,0.3640138889
59.52,0.5738076152,0.3640138889
60.52,0.5738076152,0.3640138889
61.52,0.5738076152,0.3640138889
62.52,0.5738076152,0.3640138889
63.52,0.5738076152,0.3640138889
63.82,0.5751302605,0.363375
63.85,0.5771242485,0.3621111111
63.88,0.5777955912,0.3621111111
63.95,0.5791182365,0.3621111111
63.98,0.5804509018,0.3614861111
64.05,0.5811122244,0.3614861111
64.08,0.5824448898,0.3614861111
64.11,0.5844388778,0.3608472222
64.15,0.5851102204,0.3608472222
64.18,0.5857715431,0.3608472222
64.28,0.5864328657,0.3608472222
64.31,0.5871042084,0.3602083333
64.41,0.5884268537,0.3589444444
64.51,0.5884268537,0.3589444444
64.58,0.5890981964,0.3583194444
65.41,0.5884268537,0.3583194444
65.45,0.5871042084,0.3583194444
65.51,0.5871042084,0.3583194444
66.51,0.5871042084,0.3583194444
66.68,0.5864328657,0.3589444444
67.51,0.5864328657,0.3589444444
68.51,0.5864328657,0.3589444444
69.51,0.5864328657,0.3589444444
70.51,0.5864328657,0.3589444444
71.31,0.5864328657,0.3595833333
71.35,0.5871042084,0.3602083333
71.38,0.5871042084,0.3608472222
71.42,0.5871042084,0.3614861111
71.51,0.5871042084,0.3614861111
72.51,0.5871042084,0.3614861111
73.22,0.5857715431,0.3614861111
73.25,0.5844388778,0.3621111111
73.51,0.5844388778,0.3621111111
74.51,0.5844388778,0.3621111111
75.51,0.5844388778,0.3621111111
76.48,0.5837775551,0.3621111111
76.51,0.5777955912,0.3602083333
76.55,0.5738076152,0.3602083333
76.61,0.5718036072,0.3608472222
76.71,0.5691482966,0.3614861111
76.75,0.5658216433,0.363375
76.78,0.564498998,0.363375
76.88,0.5638276553,0.363375
76.91,0.5631663327,0.363375
76.95,0.56250501,0.3640138889
76.98,0.5611723447,0.3646388889
77.01,0.5598396794,0.3646388889
77.05,0.5591783567,0.3659027778
77.08,0.5578456914,0.3665416667
77.11,0.5565130261,0.3671666667
77.18,0.5558517034,0.3678055556
77.21,0.5551903808,0.3684444444
77.25,0.5545190381,0.3690694444
77.28,0.5538577154,0.3697083333
77.31,0.5531963928,0.3703333333
77.35,0.5511923848,0.3715972222
77.38,0.5485370741,0.3728611111
77.41,0.5458817635,0.374125
77.51,0.5452104208,0.374125
77.55,0.5438877756,0.3753888889
77.58,0.5412224449,0.3766666667
77.61,0.5392284569,0.3779305556
77.65,0.5365731463,0.3791944444
77.68,0.5359018036,0.3798194444
77.71,0.5345791583,0.3804583333
77.75,0.5319138277,0.3817222222
77.78,0.5265931864,0.3836111111
77.81,0.5212725451,0.3848888889
77.85,0.5206112224,0.3855138889
77.91,0.5192785571,0.3855138889
77.95,0.5152905812,0.3848888889
78.08,0.5166232465,0.3836111111
78.11,0.5172845691,0.3829861111
78.15,0.5186172345,0.3823472222
78.18,0.5219438878,0.3804583333
78.21,0.5252705411,0.3798194444
78.25,0.5272645291,0.3791944444
78.28,0.529258517,0.3785555556
78.31,0.5299198397,0.3785555556
78.51,0.5299198397,0.3785555556
79.28,0.5299198397,0.3772916667
79.31,0.5299198397,0.3766666667
79.38,0.5305811623,0.3766666667
79.51,0.5305811623,0.3766666667
79.61,0.5319138277,0.3747638889
79.65,0.5325751503,0.3735
79.81,0.5325751503,0.3728611111
79.95,0.5325751503,0.3722361111
79.98,0.5325751503,0.3715972222
80.01,0.533246493,0.3703333333
80.51,0.533246493,0.3703333333
80.85,0.533246493,0.3697083333
81.11,0.533246493,0.3690694444
81.21,0.5325751503,0.3690694444
81.31,0.5325751503,0.3684444444
81.35,0.5325751503,0.3678055556
81.51,0.5325751503,0.3678055556
81.65,0.5325751503,0.3659027778
81.68,0.5325751503,0.3652777778
82.51,0.5325751503,0.3652777778
83.51,0.5325751503,0.3652777778
84.51,0.5325751503,0.3652777778
85.28,0.5319138277,0.3652777778
85.31,0.531252505,0.3652777778
85.51,0.531252505,0.3652777778
86.51,0.5305811623,0.3652777778
87.11,0.531252505,0.3646388889
87.38,0.5319138277,0.3646388889
87.41,0.5325751503,0.3640138889
87.48,0.5325751503,0.363375
87.51,0.5339078156,0.363375
87.54,0.535240481,0.3621111111
87.98,0.5359018036,0.3614861111
88.51,0.5359018036,0.3614861111
89.51,0.5359018036,0.3614861111
90.51,0.5359018036,0.3614861111
91.51,0.5359018036,0.3614861111
92.51,0.5359018036,0.3614861111
92.85,0.535240481,0.3614861111
92.88,0.5345791583,0.3621111111
92.91,0.5339078156,0.3621111111
93.01,0.533246493,0.3621111111
93.04,0.5325751503,0.3621111111
93.18,0.5319138277,0.36275
93.25,0.531252505,0.36275
93.48,0.529258517,0.3640138889
93.51,0.5272645291,0.3652777778
93.55,0.5252705411,0.3665416667
93.58,0.5252705411,0.3671666667
94.51,0.5252705411,0.3671666667
94.54,0.5265931864,0.3659027778
94.58,0.5285871743,0.3646388889
94.61,0.529258517,0.3646388889
94.64,0.5299198397,0.3640138889
94.68,0.5319138277,0.363375
95.51,0.5319138277,0.363375
96.51,0.5319138277,0.363375
96.81,0.5319138277,0.3621111111
96.84,0.5319138277,0.3614861111
97.51,0.5319138277,0.3614861111
98.51,0.5319138277,0.3614861111
98.61,0.533246493,0.3621111111
98.68,0.5345791583,0.3621111111
98.71,0.535240481,0.36275
98.78,0.5359018036,0.36275
98.81,0.5365731463,0.36275
98.84,0.5372344689,0.363375
98.88,0.5378957916,0.363375
98.91,0.5385671343,0.3640138889
98.94,0.5392284569,0.3640138889
99.01,0.5405611222,0.3646388889
99.08,0.5412224449,0.3646388889
99.11,0.5418837675,0.3646388889
99.18,0.5425551102,0.3646388889
99.21,0.5432164329,0.3646388889
99.24,0.5438877756,0.3646388889
99.28,0.5445490982,0.3646388889
99.34,0.5452104208,0.3646388889
99.41,0.5465430862,0.3646388889
99.44,0.5472044088,0.3646388889
99.48,0.5478757515,0.3646388889
99.51,0.5491983968,0.3640138889
99.58,0.5498697395,0.3640138889
99.61,0.5505310621,0.3640138889
99.64,0.5505310621,0.363375
99.68,0.5518637275,0.363375
99.71,0.5525250501,0.363375
99.78,0.5531963928,0.363375
99.81,0.5538577154,0.363375
99.84,0.5551903808,0.363375
99.88,0.5558517034,0.363375
99.91,0.5571843687,0.363375
99.94,0.5578456914,0.363375
99.98,0.5591783567,0.36275
100.01,0.5598396794,0.36275
100.04,0.560501002,0.3621111111
100.08,0.5611723447,0.3621111111
100.11,0.5611723447,0.3614861111
100.14,0.5618336673,0.3614861111
100.31,0.5618336673,0.3608472222
100.44,0.56250501,0.3608472222
100.48,0.56250501,0.3602083333
100.51,0.56250501,0.3602083333
100.61,0.56250501,0.3595833333
100.64,0.5631663327,0.3595833333
100.91,0.56250501,0.3595833333
100.94,0.56250501,0.3589444444
101.51,0.56250501,0.3589444444
102.38,0.56250501,0.3583194444
102.51,0.56250501,0.3576805556
102.64,0.56250501,0.3570555556
103.04,0.5631663327,0.3570555556
103.08,0.5638276553,0.3564166667
103.11,0.564498998,0.3557916667
103.21,0.5651603206,0.3557916667
103.41,0.566492986,0.3551527778
103.48,0.566492986,0.3545277778
103.51,0.5671543086,0.3545277778
103.54,0.5678156313,0.3545277778
104.51,0.5678156313,0.3545277778
105.01,0.5671543086,0.3545277778
105.28,0.5671543086,0.352625
105.31,0.5671543086,0.3519861111
105.51,0.5671543086,0.3519861111
105.88,0.5678156313,0.3513611111
106.51,0.5678156313,0.3513611111
106.84,0.5684869739,0.3513611111
107.08,0.5691482966,0.3513611111
107.11,0.5691482966,0.3507222222
107.18,0.5698096192,0.3507222222
107.24,0.5704809619,0.3500972222
107.28,0.5718036072,0.3494583333
107.31,0.5731362725,0.3488333333
107.34,0.5744689379,0.3475694444
107.38,0.5751302605,0.3475694444
107.51,0.5751302605,0.3475694444
108.51,0.5751302605,0.3475694444
109.51,0.5751302605,0.3475694444
109.78,0.5751302605,0.3469305556
109.81,0.5751302605,0.3456666667
109.84,0.5751302605,0.3450416667
109.88,0.5751302605,0.3444027778
109.91,0.5751302605,0.3431388889
109.94,0.5744689379,0.3431388889
110.01,0.5744689379,0.3425
110.04,0.5738076152,0.341875
110.11,0.5731362725,0.341875
110.14,0.5731362725,0.3412361111
110.18,0.5731362725,0.3406111111
110.48,0.5724749499,0.3406111111
110.51,0.5724749499,0.3406111111
111.38,0.5718036072,0.3406111111
111.44,0.5711422846,0.3406111111
111.48,0.5704809619,0.3406111111
111.51,0.5698096192,0.3406111111
111.54,0.5691482966,0.3412361111
111.58,0.5684869739,0.3412361111
111.61,0.5678156313,0.341875
111.64,0.5671543086,0.341875
111.68,0.5658216433,0.3425
111.81,0.5651603206,0.3425
112.51,0.5651603206,0.3425
113.51,0.5651603206,0.3425
114.51,0.5651603206,0.3425
115.51,0.5651603206,0.3425
115.58,0.5658216433,0.3425
115.64,0.5658216433,0.3431388889
115.68,0.566492986,0.3437638889
115.71,0.566492986,0.3444027778
115.74,0.566492986,0.3456666667
115.77,0.566492986,0.3463055556
115.81,0.566492986,0.3475694444
115.84,0.5671543086,0.3481944444
115.88,0.5671543086,0.3494583333
115.94,0.5678156313,0.3500972222
115.98,0.5678156313,0.3507222222
116.04,0.5684869739,0.3513611111
116.21,0.5684869739,0.3519861111
116.28,0.5684869739,0.352625
116.31,0.5684869739,0.3538888889
116.41,0.5691482966,0.3545277778
116.48,0.5691482966,0.3551527778
116.51,0.5691482966,0.3551527778
116.54,0.5691482966,0.3557916667
116.58,0.5691482966,0.3564166667
116.61,0.5698096192,0.3564166667
116.64,0.5698096192,0.3570555556
116.71,0.5698096192,0.3576805556
116.88,0.5698096192,0.3583194444
117.01,0.5704809619,0.3589444444
117.08,0.5704809619,0.3595833333
117.14,0.5704809619,0.3602083333
117.28,0.5711422846,0.3614861111
117.41,0.5718036072,0.3614861111
117.44,0.5724749499,0.3621111111
117.48,0.5731362725,0.3621111111
117.51,0.5731362725,0.36275
117.54,0.5738076152,0.36275
118.51,0.5738076152,0.36275
118.94,0.5751302605,0.363375
118.97,0.5777955912,0.3640138889
119.01,0.5804509018,0.3646388889
119.11,0.5804509018,0.3652777778
67.35,0.4607715431,0.4500277778
67.52,0.4607715431,0.4500277778
67.69,0.4621042084,0.4487638889
67.72,0.4634268537,0.4462361111
67.75,0.4654208417,0.4437083333
67.79,0.4660921844,0.4418055556
67.82,0.466753507,0.4386527778
67.85,0.4674248497,0.4361111111
67.89,0.4674248497,0.4335833333
67.92,0.4680861723,0.4316944444
67.95,0.468747495,0.4304305556
67.99,0.4694188377,0.4285277778
68.02,0.4700801603,0.4272638889
68.05,0.4700801603,0.426625
68.09,0.4700801603,0.426
68.12,0.470741483,0.4240972222
68.15,0.4714128257,0.4228333333
68.19,0.4714128257,0.4215694444
68.22,0.4714128257,0.4196666667
68.26,0.4714128257,0.4177777778
68.29,0.4714128257,0.4165138889
68.32,0.470741483,0.41525
68.35,0.470741483,0.4127083333
68.39,0.4700801603,0.4114444444
68.42,0.4700801603,0.4095555556
68.45,0.4694188377,0.4063888889
68.49,0.468747495,0.4019583333
68.52,0.4674248497,0.4000694444
68.55,0.4674248497,0.3994305556
68.59,0.4674248497,0.3987916667
68.65,0.4674248497,0.3981666667
68.69,0.466753507,0.3975277778
68.72,0.466753507,0.3969027778
69.35,0.4674248497,0.3969027778
69.42,0.4680861723,0.3969027778
69.49,0.468747495,0.3969027778
69.52,0.468747495,0.3962638889
69.55,0.4694188377,0.3962638889
69.62,0.4714128257,0.3962638889
69.65,0.4714128257,0.3956388889
69.69,0.4720741483,0.3956388889
69.72,0.4727354709,0.3956388889
69.75,0.4727354709,0.395
69.82,0.4734068136,0.395
69.89,0.4740681363,0.394375
70.02,0.4747294589,0.3937361111
70.05,0.4754008016,0.3931111111
70.09,0.4760621242,0.3924722222
70.15,0.4767334669,0.3924722222
70.19,0.4773947896,0.3918472222
70.22,0.4787274549,0.3905694444
70.25,0.4787274549,0.3893055556
70.29,0.4793887776,0.3886805556
70.32,0.4787274549,0.3874166667
70.35,0.4787274549,0.3861527778
70.39,0.4773947896,0.3855138889
70.42,0.4773947896,0.3848888889
70.52,0.4773947896,0.3848888889
70.62,0.4767334669,0.38425
70.65,0.4760621242,0.38425
70.69,0.4754008016,0.3836111111
70.75,0.4747294589,0.3829861111
70.82,0.4740681363,0.3823472222
70.85,0.4734068136,0.3817222222
70.89,0.4734068136,0.3810833333
70.92,0.4727354709,0.3810833333
70.99,0.4720741483,0.3804583333
71.19,0.4714128257,0.3804583333
71.22,0.470741483,0.3804583333
71.25,0.470741483,0.3798194444
71.35,0.4694188377,0.3791944444
71.39,0.468747495,0.3791944444
71.42,0.4680861723,0.3785555556
71.52,0.4680861723,0.3785555556
71.62,0.466753507,0.3779305556
71.65,0.4654208417,0.3779305556
71.69,0.4640981964,0.3779305556
71.72,0.4627655311,0.3779305556
71.75,0.4601102204,0.3779305556
71.79,0.4574448898,0.3785555556
71.82,0.4561122244,0.3785555556
71.85,0.4541182365,0.3785555556
71.89,0.4521242485,0.3785555556
71.92,0.4501302605,0.3785555556
71.95,0.4488076152,0.3785555556
71.99,0.4474749499,0.3785555556
72.35,0.4481362725,0.3785555556
72.39,0.4514629259,0.3785555556
72.42,0.4534569138,0.3779305556
72.45,0.4541182365,0.3779305556
72.49,0.4547895792,0.3779305556
72.52,0.4554509018,0.3779305556
72.55,0.4561122244,0.3779305556
72.62,0.4567835671,0.3779305556
72.92,0.4574448898,0.3779305556
73.35,0.4567835671,0.3779305556
73.39,0.4541182365,0.3779305556
73.42,0.4514629259,0.3779305556
73.45,0.4501302605,0.3779305556
73.49,0.4488076152,0.3779305556
73.52,0.4481362725,0.3779305556
73.55,0.4474749499,0.3779305556
73.62,0.4468036072,0.3779305556
73.65,0.4461422846,0.3779305556
73.69,0.4454809619,0.3772916667
74.52,0.4454809619,0.3772916667
75.35,0.4448096192,0.3766666667
75.39,0.4434869739,0.3766666667
75.42,0.4428156313,0.3760277778
75.45,0.4408216433,0.3753888889
75.49,0.439498998,0.3753888889
75.52,0.4388276553,0.3753888889
75.55,0.43750501,0.3753888889
75.59,0.4368336673,0.3753888889
75.62,0.435501002,0.3753888889
75.65,0.4348396794,0.3753888889
75.69,0.4341783567,0.3760277778
75.75,0.433507014,0.3760277778
75.95,0.4328456914,0.3760277778
76.02,0.4321843687,0.3760277778
76.05,0.4315130261,0.3766666667
76.09,0.4308517034,0.3766666667
76.15,0.4295190381,0.3772916667
76.29,0.4288577154,0.3779305556
76.35,0.4281963928,0.3779305556
76.42,0.4275250501,0.3779305556
76.45,0.4268637275,0.3779305556
76.49,0.4261923848,0.3785555556
76.52,0.4261923848,0.3785555556
76.65,0.4248697395,0.3791944444
76.69,0.4241983968,0.3791944444
76.72,0.4235370741,0.3798194444
76.82,0.4228757515,0.3798194444
77.05,0.4222044088,0.3804583333
77.09,0.4215430862,0.3804583333
77.22,0.4208817635,0.3804583333
77.52,0.4208817635,0.3804583333
77.72,0.4202104208,0.3804583333
77.79,0.4188877756,0.3798194444
77.82,0.4175551102,0.3798194444
77.85,0.4175551102,0.3791944444
77.92,0.4175551102,0.3785555556
77.95,0.4182164329,0.3785555556
77.99,0.4182164329,0.3779305556
78.02,0.4188877756,0.3779305556
78.09,0.4188877756,0.3772916667
78.15,0.4195490982,0.3772916667
78.19,0.4202104208,0.3760277778
78.22,0.4208817635,0.3753888889
78.25,0.4215430862,0.3747638889
78.39,0.4222044088,0.3747638889
78.42,0.4228757515,0.374125
78.45,0.4228757515,0.3735
78.52,0.4228757515,0.3735
78.79,0.4215430862,0.3735
78.82,0.4208817635,0.3728611111
78.85,0.4202104208,0.3728611111
78.89,0.4195490982,0.3728611111
78.92,0.4195490982,0.3722361111
79.09,0.4188877756,0.3722361111
79.12,0.4182164329,0.3722361111
79.22,0.4175551102,0.3722361111
79.29,0.4168837675,0.3722361111
79.42,0.4162224449,0.3722361111
79.45,0.4155611222,0.3722361111
79.52,0.4155611222,0.3722361111
79.59,0.4148897796,0.3722361111
79.62,0.4142284569,0.3722361111
79.69,0.4135671343,0.3722361111
79.75,0.4128957916,0.3722361111
79.99,0.4135671343,0.3722361111
80.02,0.4155611222,0.3722361111
80.05,0.4188877756,0.3728611111
80.09,0.4215430862,0.3728611111
80.12,0.4241983968,0.3735
80.15,0.4288577154,0.3735
80.19,0.4315130261,0.3735
80.22,0.433507014,0.3735
80.25,0.4368336673,0.3728611111
80.29,0.4401603206,0.3703333333
80.32,0.4428156313,0.3665416667
80.35,0.4428156313,0.3659027778
80.39,0.4434869739,0.3659027778
80.52,0.4434869739,0.3659027778
80.59,0.4461422846,0.3652777778
80.62,0.4494689379,0.363375
80.65,0.4527955912,0.3602083333
80.69,0.4554509018,0.3583194444
80.72,0.4567835671,0.3576805556
80.75,0.4574448898,0.3576805556
80.79,0.4587775551,0.3576805556
80.82,0.4601102204,0.3576805556
80.85,0.4607715431,0.3570555556
80.89,0.4621042084,0.3570555556
80.92,0.4627655311,0.3570555556
80.95,0.464759519,0.3557916667
80.99,0.4660921844,0.3551527778
81.19,0.4660921844,0.3532638889
81.22,0.4660921844,0.352625
81.32,0.464759519,0.3519861111
81.35,0.4634268537,0.3513611111
81.52,0.4634268537,0.3513611111
81.69,0.4627655311,0.3513611111
81.89,0.4627655311,0.3507222222
81.92,0.4634268537,0.3500972222
82.52,0.4634268537,0.3500972222
83.52,0.4634268537,0.3500972222
84.52,0.4634268537,0.3500972222
85.52,0.4634268537,0.3500972222
86.52,0.4634268537,0.3500972222
86.88,0.4640981964,0.3500972222
86.92,0.4640981964,0.3494583333
87.02,0.4640981964,0.3488333333
87.05,0.4660921844,0.3469305556
87.28,0.466753507,0.3463055556
87.45,0.4674248497,0.3463055556
87.52,0.4674248497,0.3463055556
88.52,0.4674248497,0.3463055556
88.72,0.4674248497,0.3475694444
88.75,0.4680861723,0.3488333333
88.78,0.468747495,0.3500972222
88.82,0.468747495,0.3507222222
89.15,0.4694188377,0.3507222222
89.35,0.4694188377,0.3513611111
89.52,0.4694188377,0.3513611111
90.52,0.4694188377,0.3513611111
91.52,0.4694188377,0.3513611111
91.55,0.4680861723,0.3513611111
91.65,0.470741483,0.3532638889
91.72,0.4714128257,0.3532638889
92.52,0.4714128257,0.3532638889
93.52,0.4714128257,0.3532638889
93.72,0.4700801603,0.3538888889
93.78,0.4694188377,0.3545277778
93.82,0.4674248497,0.3557916667
93.85,0.466753507,0.3570555556
93.88,0.466753507,0.3595833333
93.92,0.4660921844,0.36275
93.95,0.4634268537,0.3678055556
93.98,0.4621042084,0.3722361111
94.02,0.4614328657,0.3747638889
94.12,0.4614328657,0.3753888889
94.15,0.4607715431,0.3760277778
94.18,0.4607715431,0.3766666667
94.22,0.4601102204,0.3779305556
94.25,0.4594388778,0.3804583333
94.28,0.4594388778,0.3817222222
94.32,0.4587775551,0.3829861111
94.35,0.4574448898,0.3848888889
94.38,0.4554509018,0.3874166667
94.42,0.4541182365,0.3893055556
94.45,0.4527955912,0.3899444444
94.48,0.4521242485,0.3912083333
94.52,0.4508016032,0.3912083333
94.55,0.4481362725,0.3924722222
94.58,0.4468036072,0.3924722222
94.62,0.4454809619,0.3924722222
94.65,0.4421543086,0.3924722222
94.68,0.439498998,0.3924722222
94.72,0.4388276553,0.3924722222
95.18,0.4381663327,0.3924722222
95.28,0.4381663327,0.3931111111
95.32,0.4368336673,0.3931111111
95.35,0.4361723447,0.3931111111
95.42,0.4348396794,0.3937361111
95.45,0.4315130261,0.394375
95.52,0.4315130261,0.394375
95.55,0.4308517034,0.394375
95.72,0.4315130261,0.394375
95.75,0.4321843687,0.3937361111
95.78,0.4328456914,0.3931111111
95.82,0.4341783567,0.3931111111
95.85,0.4348396794,0.3924722222
95.88,0.4361723447,0.3924722222
95.92,0.4368336673,0.3918472222
95.95,0.43750501,0.3912083333
96.02,0.4381663327,0.3905694444
96.05,0.4388276553,0.3899444444
96.08,0.439498998,0.3893055556
96.42,0.439498998,0.3886805556
96.52,0.439498998,0.3886805556
96.85,0.4401603206,0.3886805556
97.18,0.4401603206,0.3880416667
97.22,0.4408216433,0.3867777778
97.25,0.4408216433,0.3855138889
97.28,0.4408216433,0.3836111111
97.32,0.4408216433,0.3829861111
97.35,0.4408216433,0.3823472222
97.45,0.4408216433,0.3817222222
97.48,0.4401603206,0.3810833333
97.52,0.4401603206,0.3798194444
97.55,0.439498998,0.3791944444
97.58,0.439498998,0.3779305556
97.65,0.439498998,0.3766666667
97.68,0.439498998,0.3753888889
97.72,0.4401603206,0.374125
97.75,0.4401603206,0.3735
97.78,0.4401603206,0.3728611111
97.82,0.4401603206,0.3722361111
97.85,0.4401603206,0.3709722222
97.88,0.441492986,0.3697083333
97.92,0.4421543086,0.3678055556
97.95,0.4428156313,0.3671666667
98.05,0.4428156313,0.3665416667
98.08,0.4428156313,0.3659027778
98.12,0.4434869739,0.3646388889
98.15,0.4434869739,0.363375
98.18,0.4441482966,0.36275
98.22,0.4448096192,0.3621111111
98.25,0.4448096192,0.3608472222
98.28,0.4448096192,0.3602083333
98.38,0.4454809619,0.3589444444
98.42,0.4461422846,0.3570555556
98.45,0.4474749499,0.3551527778
98.48,0.4481362725,0.3532638889
98.52,0.4481362725,0.352625
98.55,0.4488076152,0.3519861111
98.62,0.4488076152,0.3513611111
98.65,0.4488076152,0.3500972222
98.68,0.4488076152,0.3488333333
98.72,0.4488076152,0.3481944444
98.75,0.4488076152,0.3469305556
98.78,0.4494689379,0.3450416667
98.82,0.4494689379,0.3437638889
98.85,0.4494689379,0.341875
98.92,0.4494689379,0.3412361111
98.98,0.4494689379,0.3406111111
99.05,0.4494689379,0.3399722222
99.08,0.4494689379,0.3393472222
99.18,0.4488076152,0.3387083333
99.22,0.4488076152,0.3380833333
99.26,0.4488076152,0.3374444444
99.52,0.4488076152,0.3374444444
100.48,0.4494689379,0.3368055556
100.52,0.4494689379,0.3368055556
100.58,0.4494689379,0.3361805556
100.65,0.4501302605,0.3361805556
100.68,0.4508016032,0.3355416667
100.72,0.4508016032,0.3349166667
100.75,0.4514629259,0.3349166667
100.78,0.4527955912,0.3349166667
100.85,0.4534569138,0.3349166667
100.92,0.4541182365,0.3349166667
100.95,0.4547895792,0.3342777778
101.08,0.4508016032,0.3336527778
101.12,0.4474749499,0.3336527778
101.15,0.4448096192,0.3336527778
101.18,0.4441482966,0.3330138889
101.28,0.4454809619,0.33175
101.32,0.4488076152,0.3298611111
101.35,0.4501302605,0.3285833333
101.38,0.4501302605,0.3279583333
101.52,0.4501302605,0.3279583333
101.58,0.4501302605,0.3273194444
101.65,0.4508016032,0.3260555556
101.68,0.4501302605,0.3247916667
101.72,0.4494689379,0.3235277778
101.75,0.4468036072,0.3229027778
101.78,0.4461422846,0.3222638889
102.12,0.4468036072,0.321
102.15,0.4468036072,0.3203611111
102.52,0.4474749499,0.3203611111
102.85,0.4481362725,0.3203611111
102.95,0.4494689379,0.3203611111
102.98,0.4501302605,0.3203611111
103.02,0.4508016032,0.3203611111
103.05,0.4514629259,0.3203611111
103.15,0.4527955912,0.3203611111
103.18,0.4541182365,0.3203611111
103.22,0.4547895792,0.3203611111
103.25,0.4554509018,0.3203611111
103.29,0.4561122244,0.3203611111
103.32,0.4567835671,0.3203611111
103.35,0.4574448898,0.3203611111
103.38,0.4581162325,0.3203611111
103.42,0.4587775551,0.3203611111
103.52,0.4587775551,0.3203611111
103.58,0.4601102204,0.3203611111
103.62,0.4601102204,0.321
103.65,0.4607715431,0.321625
103.78,0.4614328657,0.321625
103.98,0.4614328657,0.3222638889
104.52,0.4614328657,0.3222638889
105.05,0.4621042084,0.3229027778
105.08,0.4640981964,0.3241666667
105.12,0.464759519,0.3254305556
105.15,0.4654208417,0.3260555556
105.18,0.466753507,0.3266944444
105.28,0.4680861723,0.3273194444
105.32,0.468747495,0.3279583333
105.38,0.4694188377,0.3285833333
105.42,0.4700801603,0.3292222222
105.45,0.470741483,0.3292222222
105.48,0.4714128257,0.3298611111
105.52,0.4714128257,0.3298611111
105.72,0.4720741483,0.3298611111
106.05,0.4720741483,0.3304861111
106.08,0.4727354709,0.331125
106.15,0.4734068136,0.33175
106.18,0.4740681363,0.3323888889
106.22,0.4740681363,0.3330138889
106.25,0.4740681363,0.3336527778
106.28,0.4747294589,0.3336527778
106.52,0.4747294589,0.3336527778
106.98,0.4747294589,0.3342777778
107.52,0.4747294589,0.3342777778
108.32,0.4754008016,0.3342777778
108.35,0.4760621242,0.3342777778
108.42,0.4760621242,0.3349166667
108.45,0.4773947896,0.3355416667
108.52,0.4773947896,0.3355416667
108.55,0.4773947896,0.3361805556
108.58,0.4780561122,0.3361805556
108.62,0.4787274549,0.3368055556
108.82,0.4787274549,0.3374444444
108.95,0.4787274549,0.3380833333
109.52,0.4780561122,0.3374444444
109.55,0.4780561122,0.3368055556
109.58,0.4773947896,0.3355416667
109.62,0.4767334669,0.3349166667
109.65,0.4773947896,0.3336527778
109.68,0.4773947896,0.3330138889
109.72,0.4780561122,0.3323888889
110.52,0.4780561122,0.3323888889
111.02,0.4773947896,0.3323888889
111.05,0.4773947896,0.3330138889
111.18,0.4773947896,0.3336527778
111.22,0.4780561122,0.3342777778
111.25,0.4780561122,0.3355416667
111.28,0.4780561122,0.3361805556
111.35,0.4780561122,0.3368055556
111.38,0.4780561122,0.3380833333
111.42,0.4787274549,0.3380833333
111.48,0.4787274549,0.3387083333
111.52,0.4787274549,0.3393472222
111.55,0.4787274549,0.3399722222
111.58,0.4787274549,0.3406111111
111.65,0.4787274549,0.341875
111.72,0.4787274549,0.3425
111.75,0.4787274549,0.3431388889
111.78,0.4787274549,0.3437638889
111.92,0.4793887776,0.3444027778
112.02,0.4800501002,0.3450416667
112.05,0.4800501002,0.3456666667
112.08,0.4807214429,0.3456666667
112.12,0.4807214429,0.3463055556
112.52,0.4807214429,0.3463055556
112.72,0.4800501002,0.3469305556
112.75,0.4787274549,0.3469305556
112.82,0.4773947896,0.3475694444
112.85,0.4767334669,0.3475694444
113.52,0.4767334669,0.3475694444
113.81,0.4754008016,0.3475694444
113.85,0.4740681363,0.3481944444
113.91,0.4714128257,0.3481944444
113.95,0.4674248497,0.3481944444
113.98,0.4614328657,0.3481944444
114.01,0.4581162325,0.3481944444
114.05,0.4567835671,0.3481944444
114.08,0.4567835671,0.3488333333
114.15,0.4554509018,0.3488333333
114.18,0.4534569138,0.3494583333
114.22,0.4521242485,0.3494583333
114.25,0.4494689379,0.3500972222
114.28,0.4481362725,0.3500972222
114.32,0.4461422846,0.3507222222
114.35,0.4448096192,0.3513611111
114.38,0.4434869739,0.3513611111
114.45,0.4421543086,0.3513611111
114.48,0.441492986,0.3513611111
114.52,0.441492986,0.3513611111
114.68,0.4408216433,0.3513611111
114.72,0.4401603206,0.3513611111
115.48,0.4408216433,0.3513611111
115.52,0.4408216433,0.3513611111
115.85,0.441492986,0.3513611111
115.88,0.4448096192,0.3513611111
115.91,0.4468036072,0.3519861111
115.95,0.4501302605,0.352625
115.98,0.4521242485,0.3538888889
116.01,0.4541182365,0.3545277778
116.05,0.4561122244,0.3557916667
116.08,0.4567835671,0.3557916667
116.12,0.4567835671,0.3564166667
116.15,0.4581162325,0.3570555556
116.18,0.4594388778,0.3576805556
116.21,0.4621042084,0.3595833333
116.25,0.4640981964,0.3608472222
116.28,0.464759519,0.3608472222
116.52,0.464759519,0.3608472222
116.68,0.4660921844,0.3595833333
116.72,0.466753507,0.3589444444
116.75,0.4674248497,0.3583194444
116.78,0.4680861723,0.3570555556
116.82,0.4680861723,0.3545277778
116.85,0.468747495,0.352625
116.88,0.468747495,0.3513611111
116.92,0.468747495,0.3507222222
116.95,0.468747495,0.3494583333
116.98,0.4694188377,0.3481944444
117.05,0.4700801603,0.3475694444
117.08,0.470741483,0.3469305556
117.12,0.4714128257,0.3456666667
117.15,0.4714128257,0.3450416667
117.18,0.4720741483,0.3450416667
117.22,0.4720741483,0.3437638889
117.28,0.4727354709,0.3425
117.31,0.4734068136,0.3412361111
117.38,0.4734068136,0.3406111111
117.42,0.4747294589,0.3399722222
117.45,0.4760621242,0.3393472222
117.52,0.4760621242,0.3393472222
117.78,0.4754008016,0.3393472222
117.85,0.4747294589,0.3393472222
118.52,0.4747294589,0.3393472222
118.88,0.4747294589,0.3399722222
118.92,0.4754008016,0.3406111111
118.95,0.4760621242,0.341875
118.98,0.4760621242,0.3437638889
119.01,0.4760621242,0.3444027778
119.05,0.4760621242,0.3450416667
119.08,0.4760621242,0.3463055556
119.21,0.4760621242,0.3475694444
119.25,0.4767334669,0.3494583333
119.28,0.4773947896,0.3507222222
119.31,0.4780561122,0.3519861111
119.35,0.4780561122,0.3538888889
119.38,0.4787274549,0.3551527778